[
  //E205
  {
    "id": "$IRP_E205",
    "type": "railway station",
    "width": 1,
    "height": 1,
    "frames": [
      {
        "steal": "$ITP_FrameTMP00",
        "count": 12
      }
    ],
    "upgrades": [
      {
        "id": "$K012ITP_UPG_KRLE205_Normal",
        "frames": [
          {
            "x": 0,
            "y": 0,
            "w": 0,
            "h": 60,
            "count": 4
          }
        ],
        "car spawner": [
          {
            "targets": ["$ITPK012_PLS00", "$ITPK012_PLS01", "$ITPK012_WYP00", "$IRP_E205"],
            "cars": ["$KRLE205"],
            "count": 1,
            "radius": 512
          }
        ],
        "preview frames": [{ "bmp": "KRLE205.png" }],
        "title": "E205 EMU[in]KRL E205[jp]国鉄205系電車",
        "text": ".",
        "only one": true,
        "build time": 0
      }
    ],
    "preview frames": [{ "bmp": "KRLE205.png" }],
    "template": "$K012_ITP_SPW02",
    "title": "E205 EMU[in]KRL E205[jp]国鉄205系電車",
    "text": "The 205 series (205系, 205-kei) is a DC electric multiple unit (EMU) commuter train type introduced in 1985 by Japanese National Railways (JNR), and currently operated by East Japan Railway Company (JR East), West Japan Railway Company (JR West) and KAI Commuter in Indonesia.[in]Kereta rel listrik JR East seri 205 (国鉄205系電車 Kokutetsu 205-kei densha) adalah KRL yang diperkenalkan tahun 1984 oleh Japanese National Railway (JNR) dan pasca privatisasi, KRL JR 205 ini dioperasikan oleh East Japan Railway Company dan West Japan Railway Company. KRL ini beroperasi di berbagai jalur yang ada di Jepang dan kini beroperasi di lintas KAI Commuter di Jabodetabek dan Yogyakarta-Solo.[jp]205系電車（205けいでんしゃ）は、日本国有鉄道（国鉄）が設計・製造した直流通勤形電車である。"
  },
  //KRD YIA
  {
    "id": "$ITP_SPW_KRDFEEDKCIC01",
    "type": "railway station",
    "width": 1,
    "height": 1,
    "frames": [
      {
        "steal": "$ITP_FrameTMP00",
        "count": 12
      }
    ],
    "upgrades": [
      {
        "id": "$K012ITP_UPG_FEEDKCIC_Normal",
        "frames": [
          {
            "x": 0,
            "y": 0,
            "w": 0,
            "h": 60,
            "count": 4
          }
        ],
        "car spawner": [
          {
            "targets": ["$ITPK012_PLS00", "$ITPK012_PLS01", "$ITPK012_WYP00", "$ITP_SPW_KRDFEEDKCIC01"],
            "cars": ["$KRDFEEDKCIC01"],
            "count": 1,
            "radius": 512
          }
        ],
        "title": "Feeder KCIC DMU[in]KRD Feeder KCIC",
        "text": ".",
        "preview frames": [{ "bmp": "KRDFEEDKCIC.png" }],
        "only one": true,
        "build time": 0
      }
    ],
    "preview frames": [{ "bmp": "KRDFEEDKCIC.png" }],
    "template": "$K012_ITP_SPW02",
    "capacity": 2,
    "title": "Feeder KCIC DMU[in]KRD Feeder KCIC",
    "text": "The Indonesia-China Fast Train (KCIC) is a company that operates the Indonesian high-speed rail network, which is planned to be built on the Jakarta-Bandung route.  This company is a joint project of the Indonesian SOEs Synergy Pillar (a consortium of 4 Indonesian SOEs: Kereta Api Indonesia, Wijaya Karya, PTPN VIII and Jasa Marga) with China Railway Group Limited.[in]Kereta Cepat Indonesia-China (KCIC) adalah perusahaan yang mengoperasikan jaringan kereta cepat Indonesia yang rencananya akan dibangun dengan rute Jakarta-Bandung. Perusahaan ini merupakan proyek bersama Pilar Sinergi BUMN Indonesia (konsorsium dari 4 BUMN Indonesia: Kereta Api Indonesia, Wijaya Karya, PTPN VIII dan Jasa Marga) dengan China Railway Group Limited."
  },
  {
    "id": "$ITP_SPW_KRDYIA01",
    "type": "railway station",
    "width": 1,
    "height": 1,
    "frames": [
      {
        "steal": "$ITP_FrameTMP00",
        "count": 12
      }
    ],
    "upgrades": [
      {
        "id": "$K012ITP_UPG_KRDYIA_Normal",
        "frames": [
          {
            "x": 0,
            "y": 0,
            "w": 0,
            "h": 60,
            "count": 4
          }
        ],
        "car spawner": [
          {
            "targets": ["$ITPK012_PLS00", "$ITPK012_PLS01", "$ITPK012_WYP00", "$ITP_SPW_KRDYIA01"],
            "cars": ["$KRDYIA01"],
            "count": 1,
            "radius": 512
          }
        ],
        "title": "Feeder KCIC DMU[in]KRD Feeder KCIC",
        "text": ".",
        "preview frames": [{ "bmp": "KRDYIA.png" }],
        "only one": true,
        "build time": 0
      }
    ],
    "preview frames": [{ "bmp": "KRDYIA.png" }],
    "template": "$K012_ITP_SPW02",
    "capacity": 2,
    "title": "YIA DMU[in]KRD YIA",
    "text": ".[in]Kereta api Bandara Internasional Yogyakarta (YIA) merupakan layanan kereta api bandara yang melayani rute Yogyakarta- YIA PP, dan pernah melayani rute Yogyakarta - Wojo -Kebumen PP. Kereta ini dioperasikan oleh PT Kereta Api Indonesia Daerah Operasi VI Yogyakarta."
  },
  //MTT
  //Debug
  {
    "id": "$ITP_COMINGSOON",
    "type": "railway station",
    "template": "$K012_ITP_SPW02",
    "width": 1,
    "height": 1,
    "hidden": true,
    "frames": [
      {
        "steal": "$ITP_FrameTMP00",
        "count": 12
      }
    ],
    "preview frames": [{ "steal": "$ITP_ANI_ICONDEPO_DEBUG01", "frame": 0 }],
    "title": "Coming Soon[in]Segera Hadir",
    "text": "This Train Will introduced soon[in]Kereta ini akan di tambahkan pada update berikutnya."
  }
]
