[
  {
    "id": "$ITP_ANI_CC206TEST",
    "type": "animation",
    "light": true,
    "light switching": true,
    "v2":[4,5,-4,-3],
    "frames": [
      {
        "bmp": "4CC206N.png",
        "count":4,
        "w": 20
      }
    ],
    "rotation aware": true
  },
  {
    "id": "$K012_ITPTR_CC206HEADTEST",
    "type": "car",
    "template": "$K012_ITPTEMP_TRN01",
    "frames": [
      {
        "bmp": "4CC206.png",
        "count": 4,
        "w": 20,
        "h": 18
      },
      {
        "bmp": "4CC206DIA.png",
        "count": 4,
        "w": 32,
        "h": 19
      }
    ],
    "frames per variant": 8,
    "v2":[4,5,-4,-3],
    "animation": [
      {
        "id": "$ITP_ANI_CC206TEST",
        "x": -15
      }
    ]
  },
  {
    "id": "$K012_TR_KLB_TEST",
    "type": "car",
    "template": "$K012_ITPTEMP_TRN01",
    "frames per variant": 8,
    "speed": 2.4,
    "frames": [
      {
        "bmp": "4CC206.png",
        "count": 4,
        "w": 20,
        "h": 18
      },
      {
        "bmp": "4CC206DIA.png",
        "count": 4,
        "w": 32,
        "h": 19
      }
    ],
    "v2":[4,5,-4,-3],
    "animation": [
      {
        "id": "$ITP_ANI_CC206TEST",
        "x": -15
      }
    ],
    "tail": [
      "$IRPNULL",
      "$K012_ITPTR_CC206HEADTEST",
      "$IRPNULL",
      "$K012_ITPTR_CC206HEADTEST",
      "$IRPNULL",
      "$K012_ITPTR_CC206HEADTEST"
    ]
  },
  {
    "id": "$ITP_KLB_TESTCC206",
    "type": "railway station",
    "template": "$K012_ITP_SPWPR01",
    "width": 1,
    "height": 1,
    "frames": [
      {
        "steal": "$ITP_FrameTMP00",
        "count": 12
      }
    ],
    "car spawner": [
      {
        "targets": ["$ITP_KLB_TESTCC206"],
        "cars": ["$K012_TR_KLB_TEST"],
        "count": 1,
        "radius": 512
      }
    ],
    "preview frames": [
      {
        "steal": "$ITP_ANI_ICONDEPO_DEBUG01",
        "frame": 0
      }
    ],
    "title": "Test Subject",
    "text":"This train is used to test by plugin author.[in]Kereta ini adalah subyek test pemilik plugin."
  },
  {
    "id": "$K012ITP_RAILNEWSINGLE00",
    "type": "road",
    "author": "Kiki012",
    "title": "Rail[in]Rel",
    "text": "A Rail For Your Network.[in]Sebuah Rel Untuk Kereta anda",
    "frames": [
      {
        "bmp": "4Relbaru.png",
        "count": 16,
        "h": 17,
        "w": 32
      }
    ],
    "template": "$K012_ITPTEMP_Rail00",
    "speed": 2.2
  },
  {
    "id": "$K012ITP_RAILNEWSINGLE_ONE00",
    "type": "road",
    "author": "Kiki012",
    "title": "Rail[in]Rel",
    "text": "A Rail For Your Network.[in]Sebuah Rel Untuk Kereta anda",
    "frames": [
      {
        "bmp": "4Relbaru.png",
        "count": 16,
        "copies":3,
        "h": 17,
        "w": 32
      }
    ],
    "template": "$K012_ITPTEMP_Rail00",
    "one way":true,
    "speed": 2.2
  }
]